{"stat.useItem.minecraft.command_block":44,"stat.walkOneCm":811929,"stat.useItem.minecraft.quartz_block":1234,"stat.useItem.minecraft.repeater":89,"stat.leaveGame":9,"stat.useItem.minecraft.tnt":11,"stat.useItem.minecraft.bedrock":2,"stat.jump":1420,"stat.useItem.minecraft.sand":2,"stat.useItem.minecraft.snow":2,"stat.fallOneCm":23693,"stat.useItem.minecraft.redstone":21,"stat.crouchOneCm":8301,"stat.useItem.minecraft.redstone_torch":1,"stat.useItem.minecraft.dirt":319,"stat.sprintOneCm":127506,"stat.useItem.minecraft.diamond_shovel":671,"achievement.exploreAllBiomes":{"value":0,"progress":["Plains"]},"achievement.openInventory":52,"stat.useItem.minecraft.snowball":74,"stat.damageTaken":13210,"stat.useItem.minecraft.stone_pressure_plate":16,"stat.flyOneCm":2065213,"stat.deaths":58,"stat.mineBlock.minecraft.snow":670,"stat.drop":238,"stat.playOneMinute":361624,"stat.timeSinceDeath":2,"stat.useItem.minecraft.sign":22,"stat.mineBlock.minecraft.dirt":1}