{"stat.useItem.minecraft.command_block":37,"stat.walkOneCm":596931,"stat.useItem.minecraft.quartz_block":895,"stat.useItem.minecraft.repeater":75,"stat.leaveGame":7,"stat.useItem.minecraft.tnt":11,"stat.useItem.minecraft.bedrock":1,"stat.jump":1258,"stat.useItem.minecraft.sand":2,"stat.useItem.minecraft.snow":2,"stat.fallOneCm":12572,"stat.useItem.minecraft.redstone":16,"stat.crouchOneCm":7016,"stat.useItem.minecraft.redstone_torch":1,"stat.useItem.minecraft.dirt":273,"stat.sprintOneCm":105674,"stat.useItem.minecraft.diamond_shovel":21,"achievement.exploreAllBiomes":{"value":0,"progress":["Plains"]},"achievement.openInventory":40,"stat.damageTaken":9750,"stat.useItem.minecraft.stone_pressure_plate":14,"stat.flyOneCm":1879850,"stat.deaths":45,"stat.mineBlock.minecraft.snow":20,"stat.drop":238,"stat.playOneMinute":188348,"stat.timeSinceDeath":11,"stat.useItem.minecraft.sign":14,"stat.mineBlock.minecraft.dirt":1}